algorithm,precision,dims,iterations,s,nx,ny,nz,substrate_step,x_tile_size,init_time,time,std_dev
lstcstai,S,3,100,1,64,64,64,1,10000,2,6489.46,1342.031612
lstcstai,S,3,100,1,64,64,64,1,10000,4,6299.5,169.6346957
lstcstai,S,3,100,1,64,64,64,1,10000,5,6366.42,577.4703833
lstcstai,S,3,100,1,64,64,64,1,10000,3,6276.34,49.50943748
lstcstai,S,3,100,1,64,64,64,1,10000,4,6323.8,57.8442737
lstcstai,S,3,100,1,500,500,500,1,10000,19,2915273.64,1220837.246
lstcstai,S,3,100,1,500,500,500,1,10000,23,2028898.3,447899.7804
lstcstai,S,3,100,1,500,500,500,1,10000,24,2525511.18,1605676.209
lstcstai,S,3,100,1,500,500,500,1,10000,24,3339952.4,1075184.898
lstcstai,S,3,100,1,500,500,500,1,10000,24,3896942.62,566218.844
lstcstai,S,3,100,1,1000,1000,1000,1,10000,122,11285325.72,3173378.455
lstcstai,S,3,100,1,1000,1000,1000,1,10000,55,17496168.44,9616615.979
lstcstai,S,3,100,1,1000,1000,1000,1,10000,47,23243630.5,4212570.387
lstcstai,S,3,100,1,1000,1000,1000,1,10000,51,24986224.6,5950280.886
lstcstai,S,3,100,1,1000,1000,1000,1,10000,44,18070425.82,6096820.851
lstcstai,S,3,100,1,50,50,50,1,10000,2,4627.08,615.6341719
lstcstai,S,3,100,1,50,50,50,1,10000,2,4476.94,46.27025394
lstcstai,S,3,100,1,50,50,50,1,10000,4,4503.38,57.70195491
lstcstai,S,3,100,1,50,50,50,1,10000,2,4483.68,28.37212717
lstcstai,S,3,100,1,50,50,50,1,10000,2,4501.62,26.23348242
lstcstai,S,3,100,1,288,288,288,1,10000,11,856892.96,12690.7421
lstcstai,S,3,100,1,288,288,288,1,10000,17,864068.92,1566.407723
lstcstai,S,3,100,1,288,288,288,1,10000,16,698351.62,185804.6199
lstcstai,S,3,100,1,288,288,288,1,10000,16,846372.72,1548.592445
lstcstai,S,3,100,1,288,288,288,1,10000,17,845812.34,1911.918854
lstcstai,S,3,100,1,192,192,192,1,10000,8,95904.1,2154.698933
lstcstai,S,3,100,1,192,192,192,1,10000,11,96007.84,174.4973765
lstcstai,S,3,100,1,192,192,192,1,10000,11,96010.74,162.948803
lstcstai,S,3,100,1,192,192,192,1,10000,11,96060.74,184.1693579
lstcstai,S,3,100,1,192,192,192,1,10000,10,96079.76,168.0900425
lstcstai,S,3,100,1,160,160,160,1,10000,5,58832.8,1447.746566
lstcstai,S,3,100,1,160,160,160,1,10000,10,58554.76,77.59602052
lstcstai,S,3,100,1,160,160,160,1,10000,10,58605.44,114.0640452
lstcstai,S,3,100,1,160,160,160,1,10000,8,58545.08,90.52178522
lstcstai,S,3,100,1,160,160,160,1,10000,9,58543.68,89.78049677
lstcstai,S,3,100,1,350,350,350,1,10000,13,1679894.7,19491.71996
lstcstai,S,3,100,1,350,350,350,1,10000,25,821730.96,618068.5531
lstcstai,S,3,100,1,350,350,350,1,10000,20,1638468.2,26761.08639
lstcstai,S,3,100,1,350,350,350,1,10000,20,1385293.4,264825.3333
lstcstai,S,3,100,1,350,350,350,1,10000,19,1633145.74,41333.30695
lstcstai,S,3,100,1,96,96,96,1,10000,6,13679.28,1150.415178
lstcstai,S,3,100,1,96,96,96,1,10000,8,13562.62,209.786643
lstcstai,S,3,100,1,96,96,96,1,10000,8,13866.42,85.05788382
lstcstai,S,3,100,1,96,96,96,1,10000,7,13836.4,51.11829418
lstcstai,S,3,100,1,96,96,96,1,10000,7,13845.24,69.70181059
lstcstai,S,3,100,1,128,128,128,1,10000,8,34510.74,1623.647607
lstcstai,S,3,100,1,128,128,128,1,10000,10,34640.22,124.3464981
lstcstai,S,3,100,1,128,128,128,1,10000,9,34716.68,80.81174172
lstcstai,S,3,100,1,128,128,128,1,10000,9,34713.16,78.41794693
lstcstai,S,3,100,1,128,128,128,1,10000,9,34715.5,83.3182453
lstcstai,S,3,100,1,150,150,150,1,10000,5,47079.94,1652.802933
lstcstai,S,3,100,1,150,150,150,1,10000,9,47073.26,94.61243259
lstcstai,S,3,100,1,150,150,150,1,10000,11,47099.76,79.69003953
lstcstai,S,3,100,1,150,150,150,1,10000,10,47091.48,86.5776507
lstcstai,S,3,100,1,150,150,150,1,10000,10,47053.78,64.22905573
lstcstai,S,3,100,1,250,250,250,1,10000,9,630330.1,901.5990073
lstcstai,S,3,100,1,250,250,250,1,10000,14,631308.3,3204.246478
lstcstai,S,3,100,1,250,250,250,1,10000,13,638474.06,1064.403521
lstcstai,S,3,100,1,250,250,250,1,10000,13,399406.86,222754.3107
lstcstai,S,3,100,1,250,250,250,1,10000,14,642294.38,1096.693684
lstcstai,S,3,100,1,300,300,300,1,10000,14,1035581.24,27261.35419
lstcstai,S,3,100,1,300,300,300,1,10000,19,965212.86,26321.24945
lstcstai,S,3,100,1,300,300,300,1,10000,19,563987.22,279399.6987
lstcstai,S,3,100,1,300,300,300,1,10000,21,955579.7,6512.920228
lstcstai,S,3,100,1,300,300,300,1,10000,25,955356.9,5459.337444
lstcstai,S,3,100,1,600,600,600,1,10000,27,2808476.94,2123733.987
lstcstai,S,3,100,1,600,600,600,1,10000,27,3572868.6,1928849.396
lstcstai,S,3,100,1,600,600,600,1,10000,32,6814306.48,644999.5821
lstcstai,S,3,100,1,600,600,600,1,10000,29,5354846.36,631516.8256
lstcstai,S,3,100,1,600,600,600,1,10000,29,7250274.14,838009.43
lstcstai,S,3,100,1,800,800,800,1,10000,27,6336266.32,2682211.031
lstcstai,S,3,100,1,800,800,800,1,10000,34,12871708.72,1984899.226
lstcstai,S,3,100,1,800,800,800,1,10000,35,11432601.18,1213558.767
lstcstai,S,3,100,1,800,800,800,1,10000,40,11920359.96,989563.2891
lstcstai,S,3,100,1,800,800,800,1,10000,33,10127786.78,969527.3416
lstcstai,S,3,100,1,200,200,200,1,10000,7,148946.14,3777.980074
lstcstai,S,3,100,1,200,200,200,1,10000,13,149085.48,190.6379018
lstcstai,S,3,100,1,200,200,200,1,10000,10,149812.12,1196.917552
lstcstai,S,3,100,1,200,200,200,1,10000,11,149666.88,450.8851135
lstcstai,S,3,100,1,200,200,200,1,10000,11,149840.34,720.6732022
lstcstai,S,3,100,1,100,100,100,1,10000,3,19892.66,1129.444919
lstcstai,S,3,100,1,100,100,100,1,10000,5,19719.82,38.98547935
lstcstai,S,3,100,1,100,100,100,1,10000,5,19738.84,43.97652101
lstcstai,S,3,100,1,100,100,100,1,10000,5,19619.42,108.8808688
lstcstai,S,3,100,1,100,100,100,1,10000,5,19585.78,55.50001441
lstcstai,S,3,100,1,450,450,450,1,10000,16,1948251.1,1411260.101
lstcstai,S,3,100,1,450,450,450,1,10000,22,1712460.3,1265997.094
lstcstai,S,3,100,1,450,450,450,1,10000,24,1424580.06,1228278.093
lstcstai,S,3,100,1,450,450,450,1,10000,21,2738674.16,487125.7433
lstcstai,S,3,100,1,450,450,450,1,10000,23,2857849.42,589577.0695
lstcstai,S,3,100,1,256,256,256,1,10000,10,791443.98,37187.40207
lstcstai,S,3,100,1,256,256,256,1,10000,15,590720.5,48278.73135
lstcstai,S,3,100,1,256,256,256,1,10000,14,708572.18,22165.89664
lstcstai,S,3,100,1,256,256,256,1,10000,13,311539.06,123841.2271
lstcstai,S,3,100,1,256,256,256,1,10000,14,506008.7,996.1087541
lstcstai,S,3,100,1,400,400,400,1,10000,15,1873120.34,875969.2956
lstcstai,S,3,100,1,400,400,400,1,10000,22,1679566.94,868528.3293
lstcstai,S,3,100,1,400,400,400,1,10000,26,2092532.62,336269.083
lstcstai,S,3,100,1,400,400,400,1,10000,20,1197284.48,786534.8778
lstcstai,S,3,100,1,400,400,400,1,10000,21,1494732.86,826673.6189
lstcstai,S,3,100,1,224,224,224,1,10000,9,439312.52,914.4985126
lstcstai,S,3,100,1,224,224,224,1,10000,10,440175.96,529.3616518
lstcstai,S,3,100,1,224,224,224,1,10000,12,438850.98,535.3790616
lstcstai,S,3,100,1,224,224,224,1,10000,14,450355.78,3630.084199
lstcstai,S,3,100,1,224,224,224,1,10000,12,436297.64,33003.00977
lstcstai,S,3,100,1,550,550,550,1,10000,21,3225142.02,1678640.475
lstcstai,S,3,100,1,550,550,550,1,10000,26,2920137.14,1350037.409
lstcstai,S,3,100,1,550,550,550,1,10000,24,3706125.66,459930.4984
lstcstai,S,3,100,1,550,550,550,1,10000,62,4956867.54,905894.4684
lstcstai,S,3,100,1,550,550,550,1,10000,64,5714083.26,754633.1892
lstcstai,S,3,100,1,64,64,64,1,16,2,6145.7,914.2585685
lstcstai,S,3,100,1,64,64,64,1,16,3,6016.74,26.75280172
lstcstai,S,3,100,1,64,64,64,1,16,4,6006.38,37.99941578
lstcstai,S,3,100,1,64,64,64,1,16,4,6020.38,28.88867598
lstcstai,S,3,100,1,64,64,64,1,16,3,6024.34,26.25460721
lstcstai,S,3,100,1,500,500,500,1,16,22,2704580.74,1193471.937
lstcstai,S,3,100,1,500,500,500,1,16,23,1998836.08,1280899.557
lstcstai,S,3,100,1,500,500,500,1,16,23,1878370.98,1251675.677
lstcstai,S,3,100,1,500,500,500,1,16,23,2046553.44,1052700.674
lstcstai,S,3,100,1,500,500,500,1,16,23,2037717.9,1233452.91
lstcstai,S,3,100,1,1000,1000,1000,1,16,60,8530488.22,3224478.831
lstcstai,S,3,100,1,1000,1000,1000,1,16,47,9612979.8,2348083.458
lstcstai,S,3,100,1,1000,1000,1000,1,16,70,12317455.32,4657778.707
lstcstai,S,3,100,1,1000,1000,1000,1,16,48,16444259.86,2865271.732
lstcstai,S,3,100,1,1000,1000,1000,1,16,61,21141622.32,2996549.611
lstcstai,S,3,100,1,50,50,50,1,16,2,4328.14,622.3521836
lstcstai,S,3,100,1,50,50,50,1,16,2,4203.82,30.32338372
lstcstai,S,3,100,1,50,50,50,1,16,3,4205.58,37.76511088
lstcstai,S,3,100,1,50,50,50,1,16,3,4219.62,28.27853603
lstcstai,S,3,100,1,50,50,50,1,16,2,4208.56,54.88247808
lstcstai,S,3,100,1,288,288,288,1,16,11,466630.36,1638.888608
lstcstai,S,3,100,1,288,288,288,1,16,35,463699.56,519.6660528
lstcstai,S,3,100,1,288,288,288,1,16,16,465197.14,443.0113321
lstcstai,S,3,100,1,288,288,288,1,16,16,463916.2,6132.050544
lstcstai,S,3,100,1,288,288,288,1,16,16,410423.48,86547.61974
lstcstai,S,3,100,1,192,192,192,1,16,7,74088.32,1248.899378
lstcstai,S,3,100,1,192,192,192,1,16,10,74437.26,182.940516
lstcstai,S,3,100,1,192,192,192,1,16,10,74424.96,142.0599817
lstcstai,S,3,100,1,192,192,192,1,16,10,74486.74,166.0539442
lstcstai,S,3,100,1,192,192,192,1,16,9,74381.4,165.107359
lstcstai,S,3,100,1,160,160,160,1,16,5,40877.66,1311.0727
lstcstai,S,3,100,1,160,160,160,1,16,9,40940.76,131.2371228
lstcstai,S,3,100,1,160,160,160,1,16,9,40942.14,92.91480183
lstcstai,S,3,100,1,160,160,160,1,16,8,40942.62,145.2093509
lstcstai,S,3,100,1,160,160,160,1,16,8,40936.64,104.8377337
lstcstai,S,3,100,1,350,350,350,1,16,13,899300.46,57630.68111
lstcstai,S,3,100,1,350,350,350,1,16,28,856022.68,1571.827579
lstcstai,S,3,100,1,350,350,350,1,16,56,597545.78,271399.1649
lstcstai,S,3,100,1,350,350,350,1,16,17,853607.7,5469.463554
lstcstai,S,3,100,1,350,350,350,1,16,24,855711.74,1030.933088
lstcstai,S,3,100,1,96,96,96,1,16,4,12323.62,1824.533243
lstcstai,S,3,100,1,96,96,96,1,16,7,11844.12,99.20214514
lstcstai,S,3,100,1,96,96,96,1,16,5,11560.08,130.3154388
lstcstai,S,3,100,1,96,96,96,1,16,5,11426.76,41.19201864
lstcstai,S,3,100,1,96,96,96,1,16,5,11429.34,43.31402082
lstcstai,S,3,100,1,128,128,128,1,16,5,28941.36,1107.402344
lstcstai,S,3,100,1,128,128,128,1,16,7,29200.32,132.0330928
lstcstai,S,3,100,1,128,128,128,1,16,8,29603.94,80.58347473
lstcstai,S,3,100,1,128,128,128,1,16,7,29468.36,87.81406721
lstcstai,S,3,100,1,128,128,128,1,16,7,29466.82,67.18919258
lstcstai,S,3,100,1,150,150,150,1,16,5,43305.76,1906.170806
lstcstai,S,3,100,1,150,150,150,1,16,8,43133.82,111.2285377
lstcstai,S,3,100,1,150,150,150,1,16,8,43136.4,99.51381814
lstcstai,S,3,100,1,150,150,150,1,16,8,43167.06,76.68543799
lstcstai,S,3,100,1,150,150,150,1,16,8,43181.44,110.864631
lstcstai,S,3,100,1,250,250,250,1,16,11,409869.48,3492.069296
lstcstai,S,3,100,1,250,250,250,1,16,14,414236.98,1303.429346
lstcstai,S,3,100,1,250,250,250,1,16,14,411558.54,865.7573843
lstcstai,S,3,100,1,250,250,250,1,16,13,411643.44,856.917386
lstcstai,S,3,100,1,250,250,250,1,16,14,414959.66,811.528696
lstcstai,S,3,100,1,300,300,300,1,16,11,523982.02,2246.610687
lstcstai,S,3,100,1,300,300,300,1,16,17,521621.56,856.1819003
lstcstai,S,3,100,1,300,300,300,1,16,16,523222.74,373.1171296
lstcstai,S,3,100,1,300,300,300,1,16,23,521373.28,813.078226
lstcstai,S,3,100,1,300,300,300,1,16,15,337900,95794.06367
lstcstai,S,3,100,1,600,600,600,1,16,23,3009383.06,1358088.735
lstcstai,S,3,100,1,600,600,600,1,16,26,1757345.54,143193.2042
lstcstai,S,3,100,1,600,600,600,1,16,32,2790434.26,1781965.335
lstcstai,S,3,100,1,600,600,600,1,16,29,4116092.98,1006764.104
lstcstai,S,3,100,1,600,600,600,1,16,29,4566667.76,558551.9464
lstcstai,S,3,100,1,800,800,800,1,16,171,5687357.74,1992073.875
lstcstai,S,3,100,1,800,800,800,1,16,36,11724629.7,4297532.617
lstcstai,S,3,100,1,800,800,800,1,16,32,6048483.78,1526359.766
lstcstai,S,3,100,1,800,800,800,1,16,34,11543479.72,1245763.036
lstcstai,S,3,100,1,800,800,800,1,16,36,10908705.68,2048103.416
lstcstai,S,3,100,1,200,200,200,1,16,8,117695,3660.192607
lstcstai,S,3,100,1,200,200,200,1,16,9,114861.06,354.9592884
lstcstai,S,3,100,1,200,200,200,1,16,13,114899.66,250.5974948
lstcstai,S,3,100,1,200,200,200,1,16,9,114841.58,243.8971988
lstcstai,S,3,100,1,200,200,200,1,16,10,115238.32,1536.562702
lstcstai,S,3,100,1,100,100,100,1,16,4,14216.76,908.7974375
lstcstai,S,3,100,1,100,100,100,1,16,6,14186.68,124.8816143
lstcstai,S,3,100,1,100,100,100,1,16,6,13979.7,37.07519386
lstcstai,S,3,100,1,100,100,100,1,16,6,13957.64,31.94793264
lstcstai,S,3,100,1,100,100,100,1,16,5,13957.34,30.28108981
lstcstai,S,3,100,1,450,450,450,1,16,15,1862464.94,334425.6634
lstcstai,S,3,100,1,450,450,450,1,16,23,1928767.82,193586.5378
lstcstai,S,3,100,1,450,450,450,1,16,23,2001641.64,74056.55872
lstcstai,S,3,100,1,450,450,450,1,16,20,1510115.42,150940.0265
lstcstai,S,3,100,1,450,450,450,1,16,21,1178321.36,733370.25
lstcstai,S,3,100,1,256,256,256,1,16,10,494573.1,8464.660395
lstcstai,S,3,100,1,256,256,256,1,16,15,490303.18,550.7845564
lstcstai,S,3,100,1,256,256,256,1,16,13,496673.2,548.4023705
lstcstai,S,3,100,1,256,256,256,1,16,13,491060.46,1770.510607
lstcstai,S,3,100,1,256,256,256,1,16,14,410221.9,75478.37031
lstcstai,S,3,100,1,400,400,400,1,16,16,1393487.36,4541.154161
lstcstai,S,3,100,1,400,400,400,1,16,21,1026288.6,385837.0767
lstcstai,S,3,100,1,400,400,400,1,16,21,1394778.74,6161.124858
lstcstai,S,3,100,1,400,400,400,1,16,20,1001530.42,402889.7622
lstcstai,S,3,100,1,400,400,400,1,16,20,1388705.06,2287.96065
lstcstai,S,3,100,1,224,224,224,1,16,10,217031.62,5349.869011
lstcstai,S,3,100,1,224,224,224,1,16,10,219387.36,496.7496255
lstcstai,S,3,100,1,224,224,224,1,16,12,217408.28,422.7039172
lstcstai,S,3,100,1,224,224,224,1,16,12,218489.38,458.3320146
lstcstai,S,3,100,1,224,224,224,1,16,12,217072.5,317.3018909
lstcstai,S,3,100,1,550,550,550,1,16,20,2127450.4,1448525.406
lstcstai,S,3,100,1,550,550,550,1,16,27,2245474.1,739205.9845
lstcstai,S,3,100,1,550,550,550,1,16,25,2635149.16,999078.5966
lstcstai,S,3,100,1,550,550,550,1,16,25,2708013.18,1471143.251
lstcstai,S,3,100,1,550,550,550,1,16,27,3125514.76,750518.9681
lstcstai,S,3,100,1,64,64,64,1,64,4,6359.58,966.3887228
lstcstai,S,3,100,1,64,64,64,1,64,3,6223.74,25.58109458
lstcstai,S,3,100,1,64,64,64,1,64,3,6226.72,43.14813553
lstcstai,S,3,100,1,64,64,64,1,64,3,6223.36,33.57306063
lstcstai,S,3,100,1,64,64,64,1,64,3,6273.92,62.29569488
lstcstai,S,3,100,1,500,500,500,1,64,19,2413900.2,1831416.681
lstcstai,S,3,100,1,500,500,500,1,64,23,3522821.18,1075167.129
lstcstai,S,3,100,1,500,500,500,1,64,26,3115009.52,1771981.721
lstcstai,S,3,100,1,500,500,500,1,64,27,3209496.84,1765811.291
lstcstai,S,3,100,1,500,500,500,1,64,26,3526094.18,1779472.557
lstcstai,S,3,100,1,1000,1000,1000,1,64,66,8738901.86,3583803.67
lstcstai,S,3,100,1,1000,1000,1000,1,64,53,18984576.04,10985418.1
lstcstai,S,3,100,1,1000,1000,1000,1,64,64,15045671.84,10263747.79
lstcstai,S,3,100,1,1000,1000,1000,1,64,47,19610647.3,3653457.871
lstcstai,S,3,100,1,1000,1000,1000,1,64,50,26908184.12,4843769.454
lstcstai,S,3,100,1,50,50,50,1,64,2,4853.86,632.5825483
lstcstai,S,3,100,1,50,50,50,1,64,5,4676.74,29.53832087
lstcstai,S,3,100,1,50,50,50,1,64,4,4672.28,35.20684024
lstcstai,S,3,100,1,50,50,50,1,64,4,4676.68,26.73532495
lstcstai,S,3,100,1,50,50,50,1,64,3,4678.98,38.5312808
lstcstai,S,3,100,1,288,288,288,1,64,10,694730.88,2757.942687
lstcstai,S,3,100,1,288,288,288,1,64,17,692298.78,429.6048086
lstcstai,S,3,100,1,288,288,288,1,64,20,695623.96,1267.007987
lstcstai,S,3,100,1,288,288,288,1,64,15,401131.54,128800.7626
lstcstai,S,3,100,1,288,288,288,1,64,15,697285.68,754.9123774
lstcstai,S,3,100,1,192,192,192,1,64,7,89741.88,2073.487397
lstcstai,S,3,100,1,192,192,192,1,64,10,90387.64,228.6313854
lstcstai,S,3,100,1,192,192,192,1,64,10,90410.16,200.855805
lstcstai,S,3,100,1,192,192,192,1,64,10,90375.64,205.2311633
lstcstai,S,3,100,1,192,192,192,1,64,10,90449,208.9143365
lstcstai,S,3,100,1,160,160,160,1,64,6,46013.96,1909.364512
lstcstai,S,3,100,1,160,160,160,1,64,12,45101.42,186.4371304
lstcstai,S,3,100,1,160,160,160,1,64,9,45249.62,343.3832197
lstcstai,S,3,100,1,160,160,160,1,64,10,44948.74,111.639923
lstcstai,S,3,100,1,160,160,160,1,64,8,44959.38,207.3491635
lstcstai,S,3,100,1,350,350,350,1,64,12,1417338.7,26497.56946
lstcstai,S,3,100,1,350,350,350,1,64,25,1097989.88,348940.0033
lstcstai,S,3,100,1,350,350,350,1,64,18,1414266.26,29034.22623
lstcstai,S,3,100,1,350,350,350,1,64,18,1163117,462570.3343
lstcstai,S,3,100,1,350,350,350,1,64,23,1407578.1,29974.5966
lstcstai,S,3,100,1,96,96,96,1,64,4,14866.98,994.5203364
lstcstai,S,3,100,1,96,96,96,1,64,10,14502.16,408.0959867
lstcstai,S,3,100,1,96,96,96,1,64,6,14161.06,101.0994382
lstcstai,S,3,100,1,96,96,96,1,64,10,14205.82,52.87558605
lstcstai,S,3,100,1,96,96,96,1,64,6,14196.34,52.1089666
lstcstai,S,3,100,1,128,128,128,1,64,6,27588.52,2403.54436
lstcstai,S,3,100,1,128,128,128,1,64,8,27467.86,87.13759464
lstcstai,S,3,100,1,128,128,128,1,64,8,27543.58,59.60506354
lstcstai,S,3,100,1,128,128,128,1,64,8,27535.18,84.94602757
lstcstai,S,3,100,1,128,128,128,1,64,7,27518.7,59.62692345
lstcstai,S,3,100,1,150,150,150,1,64,6,41530,1099.665349
lstcstai,S,3,100,1,150,150,150,1,64,10,41340.36,74.00723208
lstcstai,S,3,100,1,150,150,150,1,64,9,41386.14,73.27482787
lstcstai,S,3,100,1,150,150,150,1,64,9,41362.08,76.96306647
lstcstai,S,3,100,1,150,150,150,1,64,11,41349.6,63.1803767
lstcstai,S,3,100,1,250,250,250,1,64,10,445180.64,3788.373433
lstcstai,S,3,100,1,250,250,250,1,64,14,446100.92,505.9980174
lstcstai,S,3,100,1,250,250,250,1,64,12,440684.46,3109.850364
lstcstai,S,3,100,1,250,250,250,1,64,13,446995.42,4968.096171
lstcstai,S,3,100,1,250,250,250,1,64,17,422867.06,74651.61212
lstcstai,S,3,100,1,300,300,300,1,64,12,756672.32,2972.493037
lstcstai,S,3,100,1,300,300,300,1,64,22,748887.14,3340.561294
lstcstai,S,3,100,1,300,300,300,1,64,16,709849.86,129575.772
lstcstai,S,3,100,1,300,300,300,1,64,21,717683.8,2338.506412
lstcstai,S,3,100,1,300,300,300,1,64,17,761240.18,22795.00822
lstcstai,S,3,100,1,600,600,600,1,64,27,2671315.46,2473737.163
lstcstai,S,3,100,1,600,600,600,1,64,33,3506575.02,1726958.911
lstcstai,S,3,100,1,600,600,600,1,64,29,5154559.18,982181.6704
lstcstai,S,3,100,1,600,600,600,1,64,26,4478730.62,458764.4878
lstcstai,S,3,100,1,600,600,600,1,64,26,5871041.44,797301.0293
lstcstai,S,3,100,1,800,800,800,1,64,51,5655355.94,2512014.413
lstcstai,S,3,100,1,800,800,800,1,64,37,6323325.08,1325369.393
lstcstai,S,3,100,1,800,800,800,1,64,37,12244093.14,3976861.209
lstcstai,S,3,100,1,800,800,800,1,64,37,13006916.24,2905319.033
lstcstai,S,3,100,1,800,800,800,1,64,38,14707605.48,2248771.738
lstcstai,S,3,100,1,200,200,200,1,64,9,109519.86,2730.187539
lstcstai,S,3,100,1,200,200,200,1,64,12,107695.4,175.075755
lstcstai,S,3,100,1,200,200,200,1,64,10,107704.7,202.6877648
lstcstai,S,3,100,1,200,200,200,1,64,13,107690.5,145.9553699
lstcstai,S,3,100,1,200,200,200,1,64,9,107662.92,163.5982689
lstcstai,S,3,100,1,100,100,100,1,64,4,17657.08,667.5693774
lstcstai,S,3,100,1,100,100,100,1,64,6,17568.1,44.13581312
lstcstai,S,3,100,1,100,100,100,1,64,6,17709.58,37.09074817
lstcstai,S,3,100,1,100,100,100,1,64,7,17553.68,35.08186996
lstcstai,S,3,100,1,100,100,100,1,64,6,17560.82,40.57422334
lstcstai,S,3,100,1,450,450,450,1,64,16,2997648.84,397476.983
lstcstai,S,3,100,1,450,450,450,1,64,24,1701283.4,1204226.187
lstcstai,S,3,100,1,450,450,450,1,64,23,1362324.58,1354751.564
lstcstai,S,3,100,1,450,450,450,1,64,22,1356866.94,1331687.476
lstcstai,S,3,100,1,450,450,450,1,64,30,2080254.32,941765.42
lstcstai,S,3,100,1,256,256,256,1,64,10,462705.32,6867.261589
lstcstai,S,3,100,1,256,256,256,1,64,15,469699.08,3976.701059
lstcstai,S,3,100,1,256,256,256,1,64,18,470794.64,297.1866592
lstcstai,S,3,100,1,256,256,256,1,64,14,476338.24,2005.721711
lstcstai,S,3,100,1,256,256,256,1,64,14,415572.64,79810.62542
lstcstai,S,3,100,1,400,400,400,1,64,15,2018265.76,371857.5472
lstcstai,S,3,100,1,400,400,400,1,64,22,1716470.94,910422.9275
lstcstai,S,3,100,1,400,400,400,1,64,21,2288324.58,386973.2156
lstcstai,S,3,100,1,400,400,400,1,64,21,2232996.6,473411.7283
lstcstai,S,3,100,1,400,400,400,1,64,20,2393653.72,54749.30845
lstcstai,S,3,100,1,224,224,224,1,64,10,280029.24,2163.295491
lstcstai,S,3,100,1,224,224,224,1,64,10,283778.06,2918.277632
lstcstai,S,3,100,1,224,224,224,1,64,12,281438.66,330.1200151
lstcstai,S,3,100,1,224,224,224,1,64,11,283676.7,727.1986592
lstcstai,S,3,100,1,224,224,224,1,64,14,281709.08,4008.87445
lstcstai,S,3,100,1,550,550,550,1,64,20,1906658.04,1323229.153
lstcstai,S,3,100,1,550,550,550,1,64,26,1403033.56,520694.2935
lstcstai,S,3,100,1,550,550,550,1,64,24,2405561.16,1489833.08
lstcstai,S,3,100,1,550,550,550,1,64,25,3447786.52,1186813.119
lstcstai,S,3,100,1,550,550,550,1,64,28,3447986.12,1440787.935
lstcstai,S,3,100,1,64,64,64,1,32,2,6112.44,928.9343822
lstcstai,S,3,100,1,64,64,64,1,32,4,5983.32,41.11955253
lstcstai,S,3,100,1,64,64,64,1,32,4,5973.38,33.79934319
lstcstai,S,3,100,1,64,64,64,1,32,3,5931.74,49.52567415
lstcstai,S,3,100,1,64,64,64,1,32,3,5910.02,31.79024379
lstcstai,S,3,100,1,500,500,500,1,32,19,3324240.02,1014202.469
lstcstai,S,3,100,1,500,500,500,1,32,28,2717384.24,1049234.975
lstcstai,S,3,100,1,500,500,500,1,32,22,3089914.56,1082248.093
lstcstai,S,3,100,1,500,500,500,1,32,22,2827730.84,573425.8907
lstcstai,S,3,100,1,500,500,500,1,32,22,2841917.3,1001833.05
lstcstai,S,3,100,1,1000,1000,1000,1,32,102,9151562,2815692.804
lstcstai,S,3,100,1,1000,1000,1000,1,32,44,10350209.72,2182925.488
lstcstai,S,3,100,1,1000,1000,1000,1,32,67,9862367.36,5155053.15
lstcstai,S,3,100,1,1000,1000,1000,1,32,65,9874294.36,5787858.532
lstcstai,S,3,100,1,1000,1000,1000,1,32,44,19876477.6,2672864.298
lstcstai,S,3,100,1,50,50,50,1,32,2,4242.66,586.8020317
lstcstai,S,3,100,1,50,50,50,1,32,3,4123.24,73.80015176
lstcstai,S,3,100,1,50,50,50,1,32,3,4089.2,29.22601581
lstcstai,S,3,100,1,50,50,50,1,32,3,4077,36.82770696
lstcstai,S,3,100,1,50,50,50,1,32,3,4035.46,46.01487151
lstcstai,S,3,100,1,288,288,288,1,32,11,598079.1,892.7981463
lstcstai,S,3,100,1,288,288,288,1,32,15,602445.5,579.745746
lstcstai,S,3,100,1,288,288,288,1,32,15,588272.8,1228.482316
lstcstai,S,3,100,1,288,288,288,1,32,16,534138.84,67869.78022
lstcstai,S,3,100,1,288,288,288,1,32,15,595205.12,953.8411532
lstcstai,S,3,100,1,192,192,192,1,32,7,104409.8,2097.97245
lstcstai,S,3,100,1,192,192,192,1,32,11,104323.74,200.8474854
lstcstai,S,3,100,1,192,192,192,1,32,10,104333.42,210.4735698
lstcstai,S,3,100,1,192,192,192,1,32,10,104357.6,195.2663822
lstcstai,S,3,100,1,192,192,192,1,32,8,104227.28,209.4432658
lstcstai,S,3,100,1,160,160,160,1,32,5,44049.82,1614.710843
lstcstai,S,3,100,1,160,160,160,1,32,10,43144.76,275.6438688
lstcstai,S,3,100,1,160,160,160,1,32,10,42750.62,457.3247813
lstcstai,S,3,100,1,160,160,160,1,32,9,42766.96,436.1966511
lstcstai,S,3,100,1,160,160,160,1,32,9,42465.72,104.0292344
lstcstai,S,3,100,1,350,350,350,1,32,14,1086938.1,6591.82515
lstcstai,S,3,100,1,350,350,350,1,32,36,1113722.52,7257.803115
lstcstai,S,3,100,1,350,350,350,1,32,19,369700.86,12502.73319
lstcstai,S,3,100,1,350,350,350,1,32,20,1101486.98,7644.968524
lstcstai,S,3,100,1,350,350,350,1,32,19,1093060.14,4689.52459
lstcstai,S,3,100,1,96,96,96,1,32,5,12909.46,1083.657182
lstcstai,S,3,100,1,96,96,96,1,32,7,12748.14,38.02578599
lstcstai,S,3,100,1,96,96,96,1,32,8,12577.96,49.41374708
lstcstai,S,3,100,1,96,96,96,1,32,7,12716.1,38.7949739
lstcstai,S,3,100,1,96,96,96,1,32,6,12723.74,100.4913549
lstcstai,S,3,100,1,128,128,128,1,32,5,29568.32,1147.442573
lstcstai,S,3,100,1,128,128,128,1,32,11,29386.68,45.28816181
lstcstai,S,3,100,1,128,128,128,1,32,8,29459.66,43.71892496
lstcstai,S,3,100,1,128,128,128,1,32,10,29404.36,33.56352782
lstcstai,S,3,100,1,128,128,128,1,32,7,29441.54,37.6633562
lstcstai,S,3,100,1,150,150,150,1,32,6,38430.1,1801.026588
lstcstai,S,3,100,1,150,150,150,1,32,9,37792.68,681.302354
lstcstai,S,3,100,1,150,150,150,1,32,8,37103.5,127.3541911
lstcstai,S,3,100,1,150,150,150,1,32,9,40412.8,2511.118922
lstcstai,S,3,100,1,150,150,150,1,32,9,38469.88,2055.708585
lstcstai,S,3,100,1,250,250,250,1,32,10,412356.3,765.2091544
lstcstai,S,3,100,1,250,250,250,1,32,14,406321.54,625.6355236
lstcstai,S,3,100,1,250,250,250,1,32,14,422064.26,3408.867741
lstcstai,S,3,100,1,250,250,250,1,32,14,420184.92,1006.420923
lstcstai,S,3,100,1,250,250,250,1,32,13,418381.48,2457.871764
lstcstai,S,3,100,1,300,300,300,1,32,11,667181.84,29149.29386
lstcstai,S,3,100,1,300,300,300,1,32,20,641135.56,1375.843656
lstcstai,S,3,100,1,300,300,300,1,32,16,649050.68,1389.770937
lstcstai,S,3,100,1,300,300,300,1,32,15,360011.68,218436.5683
lstcstai,S,3,100,1,300,300,300,1,32,16,640848.22,415.4621663
lstcstai,S,3,100,1,600,600,600,1,32,24,2995170.36,1950555.133
lstcstai,S,3,100,1,600,600,600,1,32,30,2939561,1103314.257
lstcstai,S,3,100,1,600,600,600,1,32,26,3580638.76,2293231.462
lstcstai,S,3,100,1,600,600,600,1,32,30,5126311.4,1195978.02
lstcstai,S,3,100,1,600,600,600,1,32,27,5065806.68,392003.3259
lstcstai,S,3,100,1,800,800,800,1,32,145,5352442.34,2650755.096
lstcstai,S,3,100,1,800,800,800,1,32,36,5567003.34,1707769.922
lstcstai,S,3,100,1,800,800,800,1,32,33,6662949,902553.3665
lstcstai,S,3,100,1,800,800,800,1,32,35,11566011.04,1593980.66
lstcstai,S,3,100,1,800,800,800,1,32,41,12082021.62,2938497.256
lstcstai,S,3,100,1,200,200,200,1,32,8,134953.5,1333.255388
lstcstai,S,3,100,1,200,200,200,1,32,10,134740.74,110.7519408
lstcstai,S,3,100,1,200,200,200,1,32,11,134727.34,164.2974875
lstcstai,S,3,100,1,200,200,200,1,32,10,134667.7,77.68944587
lstcstai,S,3,100,1,200,200,200,1,32,10,138459.14,578.7907743
lstcstai,S,3,100,1,100,100,100,1,32,7,14718.06,960.9439611
lstcstai,S,3,100,1,100,100,100,1,32,8,14573.12,30.74126868
lstcstai,S,3,100,1,100,100,100,1,32,8,14586.06,33.251412
lstcstai,S,3,100,1,100,100,100,1,32,7,14562.72,25.5429364
lstcstai,S,3,100,1,100,100,100,1,32,7,14579.1,29.74508363
lstcstai,S,3,100,1,450,450,450,1,32,18,1938125.9,919526.5279
lstcstai,S,3,100,1,450,450,450,1,32,21,1614472.88,1036370.666
lstcstai,S,3,100,1,450,450,450,1,32,26,1653265.44,1112830.279
lstcstai,S,3,100,1,450,450,450,1,32,21,1694513.22,1076363.93
lstcstai,S,3,100,1,450,450,450,1,32,29,2069988.62,768158.5945
lstcstai,S,3,100,1,256,256,256,1,32,10,454626.26,6446.254596
lstcstai,S,3,100,1,256,256,256,1,32,16,452890.32,444.5319984
lstcstai,S,3,100,1,256,256,256,1,32,44,456262.56,4014.428917
lstcstai,S,3,100,1,256,256,256,1,32,14,454412.58,434.3311221
lstcstai,S,3,100,1,256,256,256,1,32,15,403900.48,113650.9969
lstcstai,S,3,100,1,400,400,400,1,32,17,1764672.92,390792.5254
lstcstai,S,3,100,1,400,400,400,1,32,23,1429813.56,633684.6048
lstcstai,S,3,100,1,400,400,400,1,32,21,1647674.38,364022.2227
lstcstai,S,3,100,1,400,400,400,1,32,21,1281764.3,657963.9153
lstcstai,S,3,100,1,400,400,400,1,32,20,1407359.72,635204.1229
lstcstai,S,3,100,1,224,224,224,1,32,15,223588.38,7415.67677
lstcstai,S,3,100,1,224,224,224,1,32,10,231054.7,2082.264981
lstcstai,S,3,100,1,224,224,224,1,32,11,234186.18,1736.561691
lstcstai,S,3,100,1,224,224,224,1,32,17,231715.36,1230.094366
lstcstai,S,3,100,1,224,224,224,1,32,14,233421.2,1797.411906
lstcstai,S,3,100,1,550,550,550,1,32,20,2359555.26,1540838.345
lstcstai,S,3,100,1,550,550,550,1,32,29,2462542.2,1608065.409
lstcstai,S,3,100,1,550,550,550,1,32,25,3154483.8,890881.4345
lstcstai,S,3,100,1,550,550,550,1,32,26,1917223.62,948712.9892
lstcstai,S,3,100,1,550,550,550,1,32,27,4681146.4,434505.4265
lstcstai,S,3,100,1,64,64,64,1,48,3,6513.76,1129.589263
lstcstai,S,3,100,1,64,64,64,1,48,4,6362.54,212.7339381
lstcstai,S,3,100,1,64,64,64,1,48,4,6387.52,58.71396427
lstcstai,S,3,100,1,64,64,64,1,48,3,6363.38,63.49736687
lstcstai,S,3,100,1,64,64,64,1,48,3,6294.06,54.24515094
lstcstai,S,3,100,1,500,500,500,1,48,18,3754393.9,832336.6508
lstcstai,S,3,100,1,500,500,500,1,48,23,2857329.6,1645665.324
lstcstai,S,3,100,1,500,500,500,1,48,24,2085248.28,1424763.16
lstcstai,S,3,100,1,500,500,500,1,48,26,2430202.62,1770136.581
lstcstai,S,3,100,1,500,500,500,1,48,39,4206402.88,851827.2769
lstcstai,S,3,100,1,1000,1000,1000,1,48,73,8663938.84,3556925.717
lstcstai,S,3,100,1,1000,1000,1000,1,48,51,15841277.44,7862125.13
lstcstai,S,3,100,1,1000,1000,1000,1,48,165,14646676.9,8288527.518
lstcstai,S,3,100,1,1000,1000,1000,1,48,49,17803775.8,4101843.501
lstcstai,S,3,100,1,1000,1000,1000,1,48,46,18651200.5,4590493.671
lstcstai,S,3,100,1,50,50,50,1,48,2,4279.14,646.7700986
lstcstai,S,3,100,1,50,50,50,1,48,3,4158.68,23.0125531
lstcstai,S,3,100,1,50,50,50,1,48,3,4175.64,24.78689977
lstcstai,S,3,100,1,50,50,50,1,48,2,4160.26,31.29844086
lstcstai,S,3,100,1,50,50,50,1,48,2,4186.68,28.74678417
lstcstai,S,3,100,1,288,288,288,1,48,12,640027.52,4749.077107
lstcstai,S,3,100,1,288,288,288,1,48,16,637002.2,4742.202632
lstcstai,S,3,100,1,288,288,288,1,48,16,634028.82,3044.677465
lstcstai,S,3,100,1,288,288,288,1,48,16,385999.64,219694.3706
lstcstai,S,3,100,1,288,288,288,1,48,16,647515.02,579.0283409
lstcstai,S,3,100,1,192,192,192,1,48,7,161743.58,3981.513416
lstcstai,S,3,100,1,192,192,192,1,48,10,160547.1,153.8229177
lstcstai,S,3,100,1,192,192,192,1,48,10,160491.04,207.8238639
lstcstai,S,3,100,1,192,192,192,1,48,10,160446.96,178.6286606
lstcstai,S,3,100,1,192,192,192,1,48,9,160515.34,171.934826
lstcstai,S,3,100,1,160,160,160,1,48,5,42938.34,2507.366424
lstcstai,S,3,100,1,160,160,160,1,48,7,41337.62,166.7659306
lstcstai,S,3,100,1,160,160,160,1,48,7,41520.04,365.533854
lstcstai,S,3,100,1,160,160,160,1,48,8,40497.16,177.1207904
lstcstai,S,3,100,1,160,160,160,1,48,7,40559.6,286.2605107
lstcstai,S,3,100,1,350,350,350,1,48,12,1345976.52,34212.39143
lstcstai,S,3,100,1,350,350,350,1,48,20,959766.82,467046.0797
lstcstai,S,3,100,1,350,350,350,1,48,17,1342763.08,87936.78397
lstcstai,S,3,100,1,350,350,350,1,48,18,1354245.68,258012.5871
lstcstai,S,3,100,1,350,350,350,1,48,17,1379108.08,22726.68278
lstcstai,S,3,100,1,96,96,96,1,48,3,16275.3,1203.838232
lstcstai,S,3,100,1,96,96,96,1,48,6,16057.3,38.44541585
lstcstai,S,3,100,1,96,96,96,1,48,9,16039.04,33.35203742
lstcstai,S,3,100,1,96,96,96,1,48,8,16040.78,28.55121013
lstcstai,S,3,100,1,96,96,96,1,48,10,15954.96,120.6081191
lstcstai,S,3,100,1,128,128,128,1,48,5,35248.86,1048.843344
lstcstai,S,3,100,1,128,128,128,1,48,9,35149.52,64.04943091
lstcstai,S,3,100,1,128,128,128,1,48,10,35173.96,35.69983753
lstcstai,S,3,100,1,128,128,128,1,48,10,34843.94,439.6891816
lstcstai,S,3,100,1,128,128,128,1,48,7,34595.9,59.48352713
lstcstai,S,3,100,1,150,150,150,1,48,5,40490.06,2432.100322
lstcstai,S,3,100,1,150,150,150,1,48,8,38321.88,122.2990826
lstcstai,S,3,100,1,150,150,150,1,48,7,39747.78,812.4944133
lstcstai,S,3,100,1,150,150,150,1,48,6,40545.54,367.3190553
lstcstai,S,3,100,1,150,150,150,1,48,7,41119.16,327.6827344
lstcstai,S,3,100,1,250,250,250,1,48,10,426616.4,4109.41537
lstcstai,S,3,100,1,250,250,250,1,48,19,430366.06,614.7827067
lstcstai,S,3,100,1,250,250,250,1,48,13,429046.86,1202.040515
lstcstai,S,3,100,1,250,250,250,1,48,19,426921.36,2350.707789
lstcstai,S,3,100,1,250,250,250,1,48,14,425032.72,3581.714232
lstcstai,S,3,100,1,300,300,300,1,48,12,697209.7,13053.33465
lstcstai,S,3,100,1,300,300,300,1,48,17,703601.72,7100.046361
lstcstai,S,3,100,1,300,300,300,1,48,14,707129.26,8493.527629
lstcstai,S,3,100,1,300,300,300,1,48,15,369517.38,126503.1581
lstcstai,S,3,100,1,300,300,300,1,48,14,703076.78,7659.763128
lstcstai,S,3,100,1,600,600,600,1,48,27,2425875.86,1654397.548
lstcstai,S,3,100,1,600,600,600,1,48,25,3667417.98,1312337.316
lstcstai,S,3,100,1,600,600,600,1,48,26,2922933.62,824881.582
lstcstai,S,3,100,1,600,600,600,1,48,26,4597790.16,1023457.095
lstcstai,S,3,100,1,600,600,600,1,48,25,4612082.14,917866.8058
lstcstai,S,3,100,1,800,800,800,1,48,46,5603653.18,2672040.694
lstcstai,S,3,100,1,800,800,800,1,48,32,7400449.2,3905258.495
lstcstai,S,3,100,1,800,800,800,1,48,32,11950118.8,3228289.328
lstcstai,S,3,100,1,800,800,800,1,48,33,12905651,1905892.423
lstcstai,S,3,100,1,800,800,800,1,48,33,11524906.62,2513619.13
lstcstai,S,3,100,1,200,200,200,1,48,7,150608.66,4443.787513
lstcstai,S,3,100,1,200,200,200,1,48,10,149535.42,244.7933079
lstcstai,S,3,100,1,200,200,200,1,48,10,149704.98,211.6713953
lstcstai,S,3,100,1,200,200,200,1,48,10,153543.8,5376.697161
lstcstai,S,3,100,1,200,200,200,1,48,9,150142.04,201.0973854
lstcstai,S,3,100,1,100,100,100,1,48,3,14909,1484.974249
lstcstai,S,3,100,1,100,100,100,1,48,5,14606.18,52.23971286
lstcstai,S,3,100,1,100,100,100,1,48,4,14652.02,50.66457934
lstcstai,S,3,100,1,100,100,100,1,48,4,14605.86,38.39271285
lstcstai,S,3,100,1,100,100,100,1,48,4,14614.66,35.60539847
lstcstai,S,3,100,1,450,450,450,1,48,16,2172396.96,1018078.507
lstcstai,S,3,100,1,450,450,450,1,48,23,2322210.54,517819.4542
lstcstai,S,3,100,1,450,450,450,1,48,27,2222359.5,759299.1046
lstcstai,S,3,100,1,450,450,450,1,48,25,1212234.82,929461.9692
lstcstai,S,3,100,1,450,450,450,1,48,24,1684954.82,1068134.459
lstcstai,S,3,100,1,256,256,256,1,48,10,471220.78,2484.413108
lstcstai,S,3,100,1,256,256,256,1,48,13,465980.76,2516.635894
lstcstai,S,3,100,1,256,256,256,1,48,12,468782.08,6267.111296
lstcstai,S,3,100,1,256,256,256,1,48,12,453626.4,9366.412118
lstcstai,S,3,100,1,256,256,256,1,48,12,428777.22,58666.30258
lstcstai,S,3,100,1,400,400,400,1,48,15,1462976.14,775375.0544
lstcstai,S,3,100,1,400,400,400,1,48,21,1648766.7,694397.2411
lstcstai,S,3,100,1,400,400,400,1,48,20,1894833.08,397500.3177
lstcstai,S,3,100,1,400,400,400,1,48,21,2122827.74,39506.51802
lstcstai,S,3,100,1,400,400,400,1,48,21,597986.78,438459.9192
lstcstai,S,3,100,1,224,224,224,1,48,10,251883.38,1925.318508
lstcstai,S,3,100,1,224,224,224,1,48,10,256626.16,218.014161
lstcstai,S,3,100,1,224,224,224,1,48,12,250439.62,232.7913993
lstcstai,S,3,100,1,224,224,224,1,48,12,255410.1,1953.265863
lstcstai,S,3,100,1,224,224,224,1,48,12,250016.54,2458.399253
lstcstai,S,3,100,1,550,550,550,1,48,27,2764537.58,1500114.719
lstcstai,S,3,100,1,550,550,550,1,48,35,1747175.46,1652733.526
lstcstai,S,3,100,1,550,550,550,1,48,25,3054214.44,1086880.477
lstcstai,S,3,100,1,550,550,550,1,48,26,4356467.44,566425.85
lstcstai,S,3,100,1,550,550,550,1,48,26,4573891.68,376395.7484
lstcstai,D,3,100,1,64,64,64,1,10000,2,11031.44,2903.065891
lstcstai,D,3,100,1,64,64,64,1,10000,7,10347.54,42.42556305
lstcstai,D,3,100,1,64,64,64,1,10000,5,10379.34,55.703719
lstcstai,D,3,100,1,64,64,64,1,10000,4,10396.02,63.20680
lstcstai,D,3,100,1,64,64,64,1,10000,4,10409.66,56.74666862
lstcstai,D,3,100,1,500,500,500,1,10000,20,3584120.62,1395823.925
lstcstai,D,3,100,1,500,500,500,1,10000,24,4679056.66,1071133.685
lstcstai,D,3,100,1,500,500,500,1,10000,26,6663685.58,1302322.093
lstcstai,D,3,100,1,500,500,500,1,10000,23,5975374.88,1135437.966
lstcstai,D,3,100,1,500,500,500,1,10000,30,6399058.12,1504957.213
lstcstai,D,3,100,1,1000,1000,1000,1,10000,65,19965462.76,4553708.312
lstcstai,D,3,100,1,1000,1000,1000,1,10000,45,28416895.78,14430353.51
lstcstai,D,3,100,1,1000,1000,1000,1,10000,44,23121025.44,10228310.52
lstcstai,D,3,100,1,1000,1000,1000,1,10000,44,40054836.72,8906085.181
lstcstai,D,3,100,1,1000,1000,1000,1,10000,48,40809292.2,11789424.07
lstcstai,D,3,100,1,50,50,50,1,10000,2,7187.58,1303.120119
lstcstai,D,3,100,1,50,50,50,1,10000,3,6983.12,32.32685571
lstcstai,D,3,100,1,50,50,50,1,10000,3,6987.22,59.91570412
lstcstai,D,3,100,1,50,50,50,1,10000,4,6999.84,33.5471966
lstcstai,D,3,100,1,50,50,50,1,10000,4,6998.08,25.84247666
lstcstai,D,3,100,1,288,288,288,1,10000,13,1724390.22,36844.79847
lstcstai,D,3,100,1,288,288,288,1,10000,20,932975.46,530295.2666
lstcstai,D,3,100,1,288,288,288,1,10000,14,1726900.7,44922.68667
lstcstai,D,3,100,1,288,288,288,1,10000,16,891720.76,622251.9573
lstcstai,D,3,100,1,288,288,288,1,10000,14,1742065.02,34134.42401
lstcstai,D,3,100,1,192,192,192,1,10000,279,434737,1966.925418
lstcstai,D,3,100,1,192,192,192,1,10000,11,508654.38,47633.21585
lstcstai,D,3,100,1,192,192,192,1,10000,11,447083.76,200.9026192
lstcstai,D,3,100,1,192,192,192,1,10000,11,442190.8,803.7482442
lstcstai,D,3,100,1,192,192,192,1,10000,11,395887,92263.94191
lstcstai,D,3,100,1,160,160,160,1,10000,8,122570.68,2100.91628
lstcstai,D,3,100,1,160,160,160,1,10000,9,121907.06,283.0270242
lstcstai,D,3,100,1,160,160,160,1,10000,9,122056.82,478.9142591
lstcstai,D,3,100,1,160,160,160,1,10000,8,121912.88,332.1949813
lstcstai,D,3,100,1,160,160,160,1,10000,8,121962.74,407.9416042
lstcstai,D,3,100,1,350,350,350,1,10000,14,1895342.38,1062575.535
lstcstai,D,3,100,1,350,350,350,1,10000,18,2181838.6,800730.5476
lstcstai,D,3,100,1,350,350,350,1,10000,17,2329123.02,608231.42
lstcstai,D,3,100,1,350,350,350,1,10000,19,1730139.64,1113044.222
lstcstai,D,3,100,1,350,350,350,1,10000,18,2436632.22,1068799.37
lstcstai,D,3,100,1,96,96,96,1,10000,4,29576.36,1644.116441
lstcstai,D,3,100,1,96,96,96,1,10000,7,29474.68,337.9187737
lstcstai,D,3,100,1,96,96,96,1,10000,5,28648.5,105.185788
lstcstai,D,3,100,1,96,96,96,1,10000,9,28657.74,74.16543939
lstcstai,D,3,100,1,96,96,96,1,10000,6,28658.06,72.11335799
lstcstai,D,3,100,1,128,128,128,1,10000,7,61905.36,1532.355661
lstcstai,D,3,100,1,128,128,128,1,10000,7,62003.34,187.4669688
lstcstai,D,3,100,1,128,128,128,1,10000,8,62030.48,152.2215806
lstcstai,D,3,100,1,128,128,128,1,10000,7,61994.02,151.9330761
lstcstai,D,3,100,1,128,128,128,1,10000,8,62025.94,165.8865166
lstcstai,D,3,100,1,150,150,150,1,10000,8,190764.48,4527.684716
lstcstai,D,3,100,1,150,150,150,1,10000,9,185187.02,2668.378395
lstcstai,D,3,100,1,150,150,150,1,10000,9,181762.26,515.6980438
lstcstai,D,3,100,1,150,150,150,1,10000,8,183114.64,1321.587723
lstcstai,D,3,100,1,150,150,150,1,10000,8,184342.82,2973.399567
lstcstai,D,3,100,1,250,250,250,1,10000,11,1090153.52,17077.97433
lstcstai,D,3,100,1,250,250,250,1,10000,15,1080793.5,16597.425
lstcstai,D,3,100,1,250,250,250,1,10000,15,466600.96,91617.31527
lstcstai,D,3,100,1,250,250,250,1,10000,15,1083862.88,11576.15361
lstcstai,D,3,100,1,250,250,250,1,10000,13,1158536.26,62578.04874
lstcstai,D,3,100,1,300,300,300,1,10000,12,1984880.3,31310.52891
lstcstai,D,3,100,1,300,300,300,1,10000,18,1280916.3,276287.9174
lstcstai,D,3,100,1,300,300,300,1,10000,20,1870618.02,457772.3099
lstcstai,D,3,100,1,300,300,300,1,10000,16,1935701.34,23322.34231
lstcstai,D,3,100,1,300,300,300,1,10000,53,1184247.78,672136.2355
lstcstai,D,3,100,1,600,600,600,1,10000,31,4810882.78,1738383.783
lstcstai,D,3,100,1,600,600,600,1,10000,29,6291816.06,1843497.78
lstcstai,D,3,100,1,600,600,600,1,10000,28,10081302.48,1321531.259
lstcstai,D,3,100,1,600,600,600,1,10000,32,10250735.72,1250760.85
lstcstai,D,3,100,1,600,600,600,1,10000,28,10298444.74,1889063.656
lstcstai,D,3,100,1,800,800,800,1,10000,61,11299048.98,3279291.946
lstcstai,D,3,100,1,800,800,800,1,10000,68,11416001.76,5027616.311
lstcstai,D,3,100,1,800,800,800,1,10000,35,13658528.58,5890628.55
lstcstai,D,3,100,1,800,800,800,1,10000,37,23356732.28,7452966.86
lstcstai,D,3,100,1,800,800,800,1,10000,41,17268351.3,2863655.502
lstcstai,D,3,100,1,200,200,200,1,10000,8,551758.96,4941.95798
lstcstai,D,3,100,1,200,200,200,1,10000,15,538781.64,2726.148116
lstcstai,D,3,100,1,200,200,200,1,10000,13,537109.66,499.980144
lstcstai,D,3,100,1,200,200,200,1,10000,12,539285.34,245.3219607
lstcstai,D,3,100,1,200,200,200,1,10000,11,432731.18,31754.50741
lstcstai,D,3,100,1,100,100,100,1,10000,4,37893.02,2259.381982
lstcstai,D,3,100,1,100,100,100,1,10000,7,37875.7,207.1164165
lstcstai,D,3,100,1,100,100,100,1,10000,6,38014.78,91.05279567
lstcstai,D,3,100,1,100,100,100,1,10000,6,38378.08,390.0392206
lstcstai,D,3,100,1,100,100,100,1,10000,6,38315,87.98658989
lstcstai,D,3,100,1,450,450,450,1,10000,18,2072887.24,1746786.361
lstcstai,D,3,100,1,450,450,450,1,10000,25,3939199.24,1428063.83
lstcstai,D,3,100,1,450,450,450,1,10000,27,4791804.62,1447740.265
lstcstai,D,3,100,1,450,450,450,1,10000,25,5628558.54,642912.4993
lstcstai,D,3,100,1,450,450,450,1,10000,22,5305543.32,831161.8255
lstcstai,D,3,100,1,256,256,256,1,10000,11,1439682.48,60359.64498
lstcstai,D,3,100,1,256,256,256,1,10000,16,1014607.18,95532.72963
lstcstai,D,3,100,1,256,256,256,1,10000,16,1353588.86,77340.31349
lstcstai,D,3,100,1,256,256,256,1,10000,15,1087181.5,13341.86081
lstcstai,D,3,100,1,256,256,256,1,10000,17,1011105.48,114510.9318
lstcstai,D,3,100,1,400,400,400,1,10000,17,2513801.36,1060289.903
lstcstai,D,3,100,1,400,400,400,1,10000,22,2833762.34,1114766.984
lstcstai,D,3,100,1,400,400,400,1,10000,25,3394575.94,809680.9537
lstcstai,D,3,100,1,400,400,400,1,10000,28,4057768.44,509456.2672
lstcstai,D,3,100,1,400,400,400,1,10000,23,1805775.4,1262758.769
lstcstai,D,3,100,1,224,224,224,1,10000,10,761093.02,10741.91895
lstcstai,D,3,100,1,224,224,224,1,10000,14,765392.74,4861.510945
lstcstai,D,3,100,1,224,224,224,1,10000,14,726509.08,92884.99877
lstcstai,D,3,100,1,224,224,224,1,10000,14,740004.1,3860.920306
lstcstai,D,3,100,1,224,224,224,1,10000,14,741372.06,1789.723112
lstcstai,D,3,100,1,550,550,550,1,10000,22,3397869.26,1933738.723
lstcstai,D,3,100,1,550,550,550,1,10000,26,4974744.08,1798683.139
lstcstai,D,3,100,1,550,550,550,1,10000,27,8704458.4,1131959.146
lstcstai,D,3,100,1,550,550,550,1,10000,32,7754638.78,1485816.105
lstcstai,D,3,100,1,550,550,550,1,10000,32,8533842.5,1501040.349
lstcstai,D,3,100,1,64,64,64,1,16,2,8222.96,1598.277585
lstcstai,D,3,100,1,64,64,64,1,16,4,7925.52,56.41072239
lstcstai,D,3,100,1,64,64,64,1,16,4,7982.28,36.06718176
lstcstai,D,3,100,1,64,64,64,1,16,3,7998.42,39.22809707
lstcstai,D,3,100,1,64,64,64,1,16,4,7989.02,41.76193961
lstcstai,D,3,100,1,500,500,500,1,16,21,3210018.82,1800078.592
lstcstai,D,3,100,1,500,500,500,1,16,25,2516354.4,887800.9044
lstcstai,D,3,100,1,500,500,500,1,16,24,3052449.64,1219267.518
lstcstai,D,3,100,1,500,500,500,1,16,28,4889559.5,631732.6424
lstcstai,D,3,100,1,500,500,500,1,16,28,5292071.34,959672.1953
lstcstai,D,3,100,1,1000,1000,1000,1,16,63,15421552.12,4601302.234
lstcstai,D,3,100,1,1000,1000,1000,1,16,41,21471729.52,14682557.07
lstcstai,D,3,100,1,1000,1000,1000,1,16,45,21076640.72,6011925.769
lstcstai,D,3,100,1,1000,1000,1000,1,16,45,26919931.34,9173671.198
lstcstai,D,3,100,1,1000,1000,1000,1,16,51,30635152.38,6403509.585
lstcstai,D,3,100,1,50,50,50,1,16,2,6640.42,1933.920134
lstcstai,D,3,100,1,50,50,50,1,16,4,6374.56,43.97643005
lstcstai,D,3,100,1,50,50,50,1,16,4,6396.06,25.51580687
lstcstai,D,3,100,1,50,50,50,1,16,3,6412.86,37.55476534
lstcstai,D,3,100,1,50,50,50,1,16,5,6424.66,59.29135181
lstcstai,D,3,100,1,288,288,288,1,16,14,1200880.06,2521.582538
lstcstai,D,3,100,1,288,288,288,1,16,19,1062070.32,294753.2184
lstcstai,D,3,100,1,288,288,288,1,16,18,1195765.28,1672.959701
lstcstai,D,3,100,1,288,288,288,1,16,18,1197203.1,1170.287302
lstcstai,D,3,100,1,288,288,288,1,16,16,764123.24,270430.2546
lstcstai,D,3,100,1,192,192,192,1,16,10,344270.46,1422.437067
lstcstai,D,3,100,1,192,192,192,1,16,12,348806.9,336.1968025
lstcstai,D,3,100,1,192,192,192,1,16,10,347305,5260.771845
lstcstai,D,3,100,1,192,192,192,1,16,10,350359.86,7633.598245
lstcstai,D,3,100,1,192,192,192,1,16,11,339357.36,394.0209517
lstcstai,D,3,100,1,160,160,160,1,16,7,111594.98,2630.247118
lstcstai,D,3,100,1,160,160,160,1,16,9,110937.84,493.388543
lstcstai,D,3,100,1,160,160,160,1,16,9,110340.5,324.7958282
lstcstai,D,3,100,1,160,160,160,1,16,9,110645.18,634.7797001
lstcstai,D,3,100,1,160,160,160,1,16,9,110666.24,256.9879032
lstcstai,D,3,100,1,350,350,350,1,16,14,1430751.24,855337.6734
lstcstai,D,3,100,1,350,350,350,1,16,21,1749606.96,582640.6418
lstcstai,D,3,100,1,350,350,350,1,16,22,1220520.06,843911.0823
lstcstai,D,3,100,1,350,350,350,1,16,19,1597522.76,670890.9256
lstcstai,D,3,100,1,350,350,350,1,16,19,1957540.46,620001.6916
lstcstai,D,3,100,1,96,96,96,1,16,4,23906.46,3119.379132
lstcstai,D,3,100,1,96,96,96,1,16,6,23405.22,72.24854047
lstcstai,D,3,100,1,96,96,96,1,16,6,25943.68,73.97200552
lstcstai,D,3,100,1,96,96,96,1,16,6,25954.56,57.45473349
lstcstai,D,3,100,1,96,96,96,1,16,6,25958.3,53.76030134
lstcstai,D,3,100,1,128,128,128,1,16,6,87344.98,1257.128036
lstcstai,D,3,100,1,128,128,128,1,16,9,87150.64,194.8314923
lstcstai,D,3,100,1,128,128,128,1,16,9,87182.6,210.9976303
lstcstai,D,3,100,1,128,128,128,1,16,8,87346.58,162.7857598
lstcstai,D,3,100,1,128,128,128,1,16,8,87200.38,235.9320148
lstcstai,D,3,100,1,150,150,150,1,16,7,70988.14,1726.616564
lstcstai,D,3,100,1,150,150,150,1,16,12,70495.2,189.7005008
lstcstai,D,3,100,1,150,150,150,1,16,10,70473.64,181.4200386
lstcstai,D,3,100,1,150,150,150,1,16,8,70411.24,170.2256808
lstcstai,D,3,100,1,150,150,150,1,16,9,70498.26,185.0839604
lstcstai,D,3,100,1,250,250,250,1,16,10,924711.82,10803.02828
lstcstai,D,3,100,1,250,250,250,1,16,14,930191.22,1567.586582
lstcstai,D,3,100,1,250,250,250,1,16,16,498728.2,329759.222
lstcstai,D,3,100,1,250,250,250,1,16,46,973886.16,5476.278749
lstcstai,D,3,100,1,250,250,250,1,16,15,954388.96,4432.077783
lstcstai,D,3,100,1,300,300,300,1,16,12,1239633.16,6299.083544
lstcstai,D,3,100,1,300,300,300,1,16,18,1141858.88,200646.9298
lstcstai,D,3,100,1,300,300,300,1,16,18,1235972.06,3448.045634
lstcstai,D,3,100,1,300,300,300,1,16,17,1241847.04,2621.062654
lstcstai,D,3,100,1,300,300,300,1,16,17,666907.3,305261.56
lstcstai,D,3,100,1,600,600,600,1,16,48,3963585.4,2333104.778
lstcstai,D,3,100,1,600,600,600,1,16,34,5595131.52,3063300.161
lstcstai,D,3,100,1,600,600,600,1,16,35,8984347.9,3700727.314
lstcstai,D,3,100,1,600,600,600,1,16,29,11278154.46,396902.0754
lstcstai,D,3,100,1,600,600,600,1,16,33,8044301.1,1331515.868
lstcstai,D,3,100,1,800,800,800,1,16,62,10948576.68,3567649.449
lstcstai,D,3,100,1,800,800,800,1,16,35,21659887.1,10581410.51
lstcstai,D,3,100,1,800,800,800,1,16,40,15983247.6,7565455.464
lstcstai,D,3,100,1,800,800,800,1,16,35,18251722.42,3139623.39
lstcstai,D,3,100,1,800,800,800,1,16,36,22221228.9,4874717.932
lstcstai,D,3,100,1,200,200,200,1,16,10,324312.5,1833.981966
lstcstai,D,3,100,1,200,200,200,1,16,13,325409.62,258.2050263
lstcstai,D,3,100,1,200,200,200,1,16,13,325625.58,284.3462038
lstcstai,D,3,100,1,200,200,200,1,16,11,324824.82,2607.465963
lstcstai,D,3,100,1,200,200,200,1,16,11,317516.96,1245.553419
lstcstai,D,3,100,1,100,100,100,1,16,5,24824.14,1418.536965
lstcstai,D,3,100,1,100,100,100,1,16,10,24853.28,78.64884996
lstcstai,D,3,100,1,100,100,100,1,16,9,24835.7,71.65172713
lstcstai,D,3,100,1,100,100,100,1,16,7,24843.88,95.02350025
lstcstai,D,3,100,1,100,100,100,1,16,10,24506.38,260.7113262
lstcstai,D,3,100,1,450,450,450,1,16,18,2290877.52,1519591.045
lstcstai,D,3,100,1,450,450,450,1,16,25,2569364.82,1224713.306
lstcstai,D,3,100,1,450,450,450,1,16,22,1794428.72,1216777.791
lstcstai,D,3,100,1,450,450,450,1,16,22,3522423.96,386490.3081
lstcstai,D,3,100,1,450,450,450,1,16,23,3331371.12,826033.9381
lstcstai,D,3,100,1,256,256,256,1,16,10,1063528.42,24684.57133
lstcstai,D,3,100,1,256,256,256,1,16,15,1080787.66,5173.336319
lstcstai,D,3,100,1,256,256,256,1,16,18,590888.96,113208.2071
lstcstai,D,3,100,1,256,256,256,1,16,15,1050895.46,4590.990648
lstcstai,D,3,100,1,256,256,256,1,16,20,1096238.14,4337.751994
lstcstai,D,3,100,1,400,400,400,1,16,16,1900300.18,1003489.098
lstcstai,D,3,100,1,400,400,400,1,16,21,2233519.04,826404.9905
lstcstai,D,3,100,1,400,400,400,1,16,23,1337537.32,901836.4704
lstcstai,D,3,100,1,400,400,400,1,16,21,1369152.08,946359.7423
lstcstai,D,3,100,1,400,400,400,1,16,19,1973336.64,834201.3257
lstcstai,D,3,100,1,224,224,224,1,16,12,521437.38,6135.43793
lstcstai,D,3,100,1,224,224,224,1,16,13,517881.6,594.3599919
lstcstai,D,3,100,1,224,224,224,1,16,14,519079.72,1119.262151
lstcstai,D,3,100,1,224,224,224,1,16,15,514061.04,588.2431116
lstcstai,D,3,100,1,224,224,224,1,16,14,485101.24,17586.8956
lstcstai,D,3,100,1,550,550,550,1,16,22,3560264.92,1209451.559
lstcstai,D,3,100,1,550,550,550,1,16,29,5902714.54,2789658.525
lstcstai,D,3,100,1,550,550,550,1,16,29,7267446.78,1819156.315
lstcstai,D,3,100,1,550,550,550,1,16,27,7251940.64,1030365.727
lstcstai,D,3,100,1,550,550,550,1,16,28,5007252.94,1546067.073
lstcstai,D,3,100,1,64,64,64,1,64,2,10575.98,1326.933736
lstcstai,D,3,100,1,64,64,64,1,64,4,10348.58,48.57822146
lstcstai,D,3,100,1,64,64,64,1,64,4,10428.38,60.95502932
lstcstai,D,3,100,1,64,64,64,1,64,6,10357.74,52.69945351
lstcstai,D,3,100,1,64,64,64,1,64,4,11077.74,1288.899947
lstcstai,D,3,100,1,500,500,500,1,64,21,3099837.32,2087972.123
lstcstai,D,3,100,1,500,500,500,1,64,29,2937960.1,1551058.486
lstcstai,D,3,100,1,500,500,500,1,64,24,6737480.64,1395563.858
lstcstai,D,3,100,1,500,500,500,1,64,25,9092584.94,831119.3553
lstcstai,D,3,100,1,500,500,500,1,64,26,7042969.08,900754.8171
lstcstai,D,3,100,1,1000,1000,1000,1,64,64,19373879.88,4566064.475
lstcstai,D,3,100,1,1000,1000,1000,1,64,41,26374028.26,17012035.99
lstcstai,D,3,100,1,1000,1000,1000,1,64,48,20678431.36,6902868.303
lstcstai,D,3,100,1,1000,1000,1000,1,64,46,58168607.3,13286401.88
lstcstai,D,3,100,1,1000,1000,1000,1,64,47,64447139.76,10395563.18
lstcstai,D,3,100,1,50,50,50,1,64,3,7588.26,1652.183716
lstcstai,D,3,100,1,50,50,50,1,64,4,7314.24,58.09976248
lstcstai,D,3,100,1,50,50,50,1,64,5,7283.84,32.7202445
lstcstai,D,3,100,1,50,50,50,1,64,5,7297.7,35.25180846
lstcstai,D,3,100,1,50,50,50,1,64,5,7303.64,59.73165325
lstcstai,D,3,100,1,288,288,288,1,64,12,1980508.8,34409.49211
lstcstai,D,3,100,1,288,288,288,1,64,20,745838.4,409022.3252
lstcstai,D,3,100,1,288,288,288,1,64,19,1921814.74,40170.6968
lstcstai,D,3,100,1,288,288,288,1,64,19,1451527.02,290702.6945
lstcstai,D,3,100,1,288,288,288,1,64,18,1943710.66,29834.73749
lstcstai,D,3,100,1,192,192,192,1,64,10,476382.28,1001.873446
lstcstai,D,3,100,1,192,192,192,1,64,10,482102.9,7356.561004
lstcstai,D,3,100,1,192,192,192,1,64,11,474264.06,9242.5678
lstcstai,D,3,100,1,192,192,192,1,64,11,481603.86,4937.325503
lstcstai,D,3,100,1,192,192,192,1,64,11,367323.74,122203.4234
lstcstai,D,3,100,1,160,160,160,1,64,9,208625.26,3394.681109
lstcstai,D,3,100,1,160,160,160,1,64,11,212502.36,4290.730282
lstcstai,D,3,100,1,160,160,160,1,64,12,205292.36,3189.449939
lstcstai,D,3,100,1,160,160,160,1,64,15,207357.58,1114.392625
lstcstai,D,3,100,1,160,160,160,1,64,13,206692.28,955.5940151
lstcstai,D,3,100,1,350,350,350,1,64,14,2409162.44,777910.0366
lstcstai,D,3,100,1,350,350,350,1,64,19,1531536.5,521796.5212
lstcstai,D,3,100,1,350,350,350,1,64,19,1474076.9,787010.7242
lstcstai,D,3,100,1,350,350,350,1,64,23,1583374.94,1121364.072
lstcstai,D,3,100,1,350,350,350,1,64,21,2023012.06,1368235.759
lstcstai,D,3,100,1,96,96,96,1,64,4,31425.24,1267.875192
lstcstai,D,3,100,1,96,96,96,1,64,11,31332.06,117.8180648
lstcstai,D,3,100,1,96,96,96,1,64,17,31286.9,68.87416061
lstcstai,D,3,100,1,96,96,96,1,64,6,31285.22,70.56352882
lstcstai,D,3,100,1,96,96,96,1,64,7,31284.06,80.65392985
lstcstai,D,3,100,1,128,128,128,1,64,6,74375.18,1453.826271
lstcstai,D,3,100,1,128,128,128,1,64,8,74104.16,138.2304395
lstcstai,D,3,100,1,128,128,128,1,64,8,74120.02,146.1869338
lstcstai,D,3,100,1,128,128,128,1,64,7,74027.16,152.3369108
lstcstai,D,3,100,1,128,128,128,1,64,7,74079.7,136.3822936
lstcstai,D,3,100,1,150,150,150,1,64,8,97160.7,2522.020938
lstcstai,D,3,100,1,150,150,150,1,64,9,98586.96,608.706759
lstcstai,D,3,100,1,150,150,150,1,64,9,98355,296.6360733
lstcstai,D,3,100,1,150,150,150,1,64,9,98320.12,263.0104667
lstcstai,D,3,100,1,150,150,150,1,64,9,98281.22,273.5767746
lstcstai,D,3,100,1,250,250,250,1,64,11,1163786.48,8641.960459
lstcstai,D,3,100,1,250,250,250,1,64,18,1085562.74,262752.273
lstcstai,D,3,100,1,250,250,250,1,64,17,1181020.14,11746.12115
lstcstai,D,3,100,1,250,250,250,1,64,16,1197614.52,12510.30407
lstcstai,D,3,100,1,250,250,250,1,64,16,985990.46,195979.76
lstcstai,D,3,100,1,300,300,300,1,64,12,2237800.38,242984.3964
lstcstai,D,3,100,1,300,300,300,1,64,22,875614.04,20391.36831
lstcstai,D,3,100,1,300,300,300,1,64,18,1961290.14,580704.0745
lstcstai,D,3,100,1,300,300,300,1,64,20,2189065.78,34063.35772
lstcstai,D,3,100,1,300,300,300,1,64,17,1152131.72,829978.3837
lstcstai,D,3,100,1,600,600,600,1,64,23,5754645.26,2913144.174
lstcstai,D,3,100,1,600,600,600,1,64,32,5918228.08,2904439.956
lstcstai,D,3,100,1,600,600,600,1,64,33,17358794.7,2233476.31
lstcstai,D,3,100,1,600,600,600,1,64,27,13900697.2,603633.3749
lstcstai,D,3,100,1,600,600,600,1,64,28,12513925.88,751794.547
lstcstai,D,3,100,1,800,800,800,1,64,36,12395574.04,4394518.78
lstcstai,D,3,100,1,800,800,800,1,64,38,14199537.48,3148781.004
lstcstai,D,3,100,1,800,800,800,1,64,39,14630277.98,5329502.237
lstcstai,D,3,100,1,800,800,800,1,64,61,30918437.28,5522593.935
lstcstai,D,3,100,1,800,800,800,1,64,37,32870906.86,9404968.169
lstcstai,D,3,100,1,200,200,200,1,64,8,519302.54,8552.193219
lstcstai,D,3,100,1,200,200,200,1,64,33,529257.86,3377.849505
lstcstai,D,3,100,1,200,200,200,1,64,11,522169.46,5618.498199
lstcstai,D,3,100,1,200,200,200,1,64,11,532134.12,1706.910925
lstcstai,D,3,100,1,200,200,200,1,64,10,431677.6,43388.93251
lstcstai,D,3,100,1,100,100,100,1,64,4,30322.52,1367.403207
lstcstai,D,3,100,1,100,100,100,1,64,9,29747.84,399.5580238
lstcstai,D,3,100,1,100,100,100,1,64,7,29133.3,104.2445682
lstcstai,D,3,100,1,100,100,100,1,64,6,29163.08,92.83444188
lstcstai,D,3,100,1,100,100,100,1,64,6,29164.52,107.7957773
lstcstai,D,3,100,1,450,450,450,1,64,18,3014176.38,2020520.994
lstcstai,D,3,100,1,450,450,450,1,64,27,1082677.96,670447.2035
lstcstai,D,3,100,1,450,450,450,1,64,22,2785151.78,1682799.92
lstcstai,D,3,100,1,450,450,450,1,64,22,5072447.24,770414.607
lstcstai,D,3,100,1,450,450,450,1,64,25,5550962.22,1014946.597
lstcstai,D,3,100,1,256,256,256,1,64,10,1371238.38,21148.25192
lstcstai,D,3,100,1,256,256,256,1,64,15,973302.6,435874.6546
lstcstai,D,3,100,1,256,256,256,1,64,14,1327821.1,18385.65643
lstcstai,D,3,100,1,256,256,256,1,64,15,1269335.4,229426.0976
lstcstai,D,3,100,1,256,256,256,1,64,15,1315323.7,17964.44744
lstcstai,D,3,100,1,400,400,400,1,64,16,2885314.56,1118622.784
lstcstai,D,3,100,1,400,400,400,1,64,21,2712904.86,1292476.943
lstcstai,D,3,100,1,400,400,400,1,64,22,2171418.48,1660014.308
lstcstai,D,3,100,1,400,400,400,1,64,23,3908384.7,811273.5553
lstcstai,D,3,100,1,400,400,400,1,64,22,4560970.42,1001479.261
lstcstai,D,3,100,1,224,224,224,1,64,9,785688.2,6645.620832
lstcstai,D,3,100,1,224,224,224,1,64,16,777594.86,6031.852677
lstcstai,D,3,100,1,224,224,224,1,64,17,704946.88,146992.3805
lstcstai,D,3,100,1,224,224,224,1,64,11,788691.16,996.6236674
lstcstai,D,3,100,1,224,224,224,1,64,11,782325.82,968.1413263
lstcstai,D,3,100,1,550,550,550,1,64,22,3786412,1871433.719
lstcstai,D,3,100,1,550,550,550,1,64,29,4912587.94,770431.6245
lstcstai,D,3,100,1,550,550,550,1,64,30,8909491.46,5408158.959
lstcstai,D,3,100,1,550,550,550,1,64,26,7205143.08,1381723.828
lstcstai,D,3,100,1,550,550,550,1,64,30,9686510.02,980653.1127
lstcstai,D,3,100,1,64,64,64,1,32,3,8746.66,1487.334779
lstcstai,D,3,100,1,64,64,64,1,32,4,8521.54,51.80625831
lstcstai,D,3,100,1,64,64,64,1,32,4,8550.44,39.55561149
lstcstai,D,3,100,1,64,64,64,1,32,4,8533.26,61.04614976
lstcstai,D,3,100,1,64,64,64,1,32,4,8516,43.02185491
lstcstai,D,3,100,1,500,500,500,1,32,20,2432309.76,2016089.927
lstcstai,D,3,100,1,500,500,500,1,32,25,2333065.72,1801817.181
lstcstai,D,3,100,1,500,500,500,1,32,25,4951396.54,1646986.955
lstcstai,D,3,100,1,500,500,500,1,32,27,5997003.76,980068.0049
lstcstai,D,3,100,1,500,500,500,1,32,26,4454024.38,961174.4435
lstcstai,D,3,100,1,1000,1000,1000,1,32,56,16556871.18,3805621.035
lstcstai,D,3,100,1,1000,1000,1000,1,32,40,17262727.64,7002853.181
lstcstai,D,3,100,1,1000,1000,1000,1,32,45,25577030.2,17319273.54
lstcstai,D,3,100,1,1000,1000,1000,1,32,45,27120596.54,4605521.407
lstcstai,D,3,100,1,1000,1000,1000,1,32,49,32022067.76,8562359.663
lstcstai,D,3,100,1,50,50,50,1,32,3,6419.5,1299.043129
lstcstai,D,3,100,1,50,50,50,1,32,4,6223.66,30.40500617
lstcstai,D,3,100,1,50,50,50,1,32,4,6214.32,34.67935409
lstcstai,D,3,100,1,50,50,50,1,32,3,6224.86,31.61582515
lstcstai,D,3,100,1,50,50,50,1,32,4,6218.86,42.38915427
lstcstai,D,3,100,1,288,288,288,1,32,14,1620280.42,36910.58829
lstcstai,D,3,100,1,288,288,288,1,32,22,965980.26,590281.7354
lstcstai,D,3,100,1,288,288,288,1,32,19,1632692.74,47291.90238
lstcstai,D,3,100,1,288,288,288,1,32,17,1058772.4,579540.4342
lstcstai,D,3,100,1,288,288,288,1,32,16,1519011.26,63317.43045
lstcstai,D,3,100,1,192,192,192,1,32,9,410289.14,6231.226865
lstcstai,D,3,100,1,192,192,192,1,32,14,424080.6,5864.922905
lstcstai,D,3,100,1,192,192,192,1,32,15,425224.38,1538.575288
lstcstai,D,3,100,1,192,192,192,1,32,13,424080.56,4357.837666
lstcstai,D,3,100,1,192,192,192,1,32,13,427407.02,6665.057421
lstcstai,D,3,100,1,160,160,160,1,32,8,154133.78,2536.103652
lstcstai,D,3,100,1,160,160,160,1,32,11,154642.94,1652.421743
lstcstai,D,3,100,1,160,160,160,1,32,10,153425.62,2091.532451
lstcstai,D,3,100,1,160,160,160,1,32,13,154710,1096.477852
lstcstai,D,3,100,1,160,160,160,1,32,14,154848.64,949.0715412
lstcstai,D,3,100,1,350,350,350,1,32,15,1731678.6,977545.0542
lstcstai,D,3,100,1,350,350,350,1,32,22,1403420.26,1052485.801
lstcstai,D,3,100,1,350,350,350,1,32,21,1576037.52,951457.6817
lstcstai,D,3,100,1,350,350,350,1,32,20,2140271.08,785313.5713
lstcstai,D,3,100,1,350,350,350,1,32,21,2062626.86,864039.4873
lstcstai,D,3,100,1,96,96,96,1,32,4,23998.28,1567.703965
lstcstai,D,3,100,1,96,96,96,1,32,7,23095.9,108.7128787
lstcstai,D,3,100,1,96,96,96,1,32,7,23182.1,64.78711292
lstcstai,D,3,100,1,96,96,96,1,32,7,23208.54,64.73738024
lstcstai,D,3,100,1,96,96,96,1,32,7,23198.46,54.72630446
lstcstai,D,3,100,1,128,128,128,1,32,7,68640.9,1751.536426
lstcstai,D,3,100,1,128,128,128,1,32,9,68110.64,172.3583198
lstcstai,D,3,100,1,128,128,128,1,32,9,68236.9,167.4179501
lstcstai,D,3,100,1,128,128,128,1,32,9,68433.52,380.465149
lstcstai,D,3,100,1,128,128,128,1,32,10,68143.46,150.6857936
lstcstai,D,3,100,1,150,150,150,1,32,7,69620.22,1779.763763
lstcstai,D,3,100,1,150,150,150,1,32,10,69122.98,204.9978039
lstcstai,D,3,100,1,150,150,150,1,32,10,69165.66,186.9281798
lstcstai,D,3,100,1,150,150,150,1,32,10,69123.16,187.1866833
lstcstai,D,3,100,1,150,150,150,1,32,9,69182.62,203.6540095
lstcstai,D,3,100,1,250,250,250,1,32,12,1042669.52,15072.00577
lstcstai,D,3,100,1,250,250,250,1,32,13,1042906.88,6057.540635
lstcstai,D,3,100,1,250,250,250,1,32,16,596488.4,157474.6035
lstcstai,D,3,100,1,250,250,250,1,32,15,1059246.42,5495.090627
lstcstai,D,3,100,1,250,250,250,1,32,12,1052633.54,6819.412104
lstcstai,D,3,100,1,300,300,300,1,32,12,1640182.1,25405.28934
lstcstai,D,3,100,1,300,300,300,1,32,17,949478.4,547223.6788
lstcstai,D,3,100,1,300,300,300,1,32,16,1662645.22,34351.14308
lstcstai,D,3,100,1,300,300,300,1,32,15,998313.3,560669.7332
lstcstai,D,3,100,1,300,300,300,1,32,16,1640230.9,31439.39623
lstcstai,D,3,100,1,600,600,600,1,32,28,3669596.18,1755548.893
lstcstai,D,3,100,1,600,600,600,1,32,28,5461539.28,1457856.429
lstcstai,D,3,100,1,600,600,600,1,32,30,11273536.26,494822.7454
lstcstai,D,3,100,1,600,600,600,1,32,32,11432337.3,907099.8202
lstcstai,D,3,100,1,600,600,600,1,32,30,8250828.22,1654877.993
lstcstai,D,3,100,1,800,800,800,1,32,112,10436043.36,3360980.629
lstcstai,D,3,100,1,800,800,800,1,32,37,13677128.7,7106707.39
lstcstai,D,3,100,1,800,800,800,1,32,41,12511360.3,6565461.13
lstcstai,D,3,100,1,800,800,800,1,32,38,11334913.42,4417705.169
lstcstai,D,3,100,1,800,800,800,1,32,37,21900648.52,1632174.455
lstcstai,D,3,100,1,200,200,200,1,32,9,385475.46,3556.72089
lstcstai,D,3,100,1,200,200,200,1,32,68,385292.02,1596.543322
lstcstai,D,3,100,1,200,200,200,1,32,13,380117.28,4329.25899
lstcstai,D,3,100,1,200,200,200,1,32,11,383404.72,3087.996088
lstcstai,D,3,100,1,200,200,200,1,32,10,384888.22,3397.583361
lstcstai,D,3,100,1,100,100,100,1,32,4,27963.86,1433.489602
lstcstai,D,3,100,1,100,100,100,1,32,7,27657.62,200.2291577
lstcstai,D,3,100,1,100,100,100,1,32,7,27125.02,102.9126795
lstcstai,D,3,100,1,100,100,100,1,32,7,27083.44,69.85618369
lstcstai,D,3,100,1,100,100,100,1,32,6,27065.3,75.11970447
lstcstai,D,3,100,1,450,450,450,1,32,20,2050257.64,1518793.413
lstcstai,D,3,100,1,450,450,450,1,32,26,2479403.66,1543394.008
lstcstai,D,3,100,1,450,450,450,1,32,23,2646363.94,724388.8013
lstcstai,D,3,100,1,450,450,450,1,32,21,4782571.5,554187.3344
lstcstai,D,3,100,1,450,450,450,1,32,26,3817692,848757.1376
lstcstai,D,3,100,1,256,256,256,1,32,11,1098253.18,5157.201449
lstcstai,D,3,100,1,256,256,256,1,32,17,1056518.32,8832.944491
lstcstai,D,3,100,1,256,256,256,1,32,39,359601.24,140902.5325
lstcstai,D,3,100,1,256,256,256,1,32,15,1107719.12,17562.22665
lstcstai,D,3,100,1,256,256,256,1,32,15,1090798.54,2799.300521
lstcstai,D,3,100,1,400,400,400,1,32,17,1804536.3,1321589.213
lstcstai,D,3,100,1,400,400,400,1,32,28,1830418.64,780424.7091
lstcstai,D,3,100,1,400,400,400,1,32,24,3125957.54,600333.3703
lstcstai,D,3,100,1,400,400,400,1,32,19,987776.52,503857.3184
lstcstai,D,3,100,1,400,400,400,1,32,23,2056810.04,986997.8926
lstcstai,D,3,100,1,224,224,224,1,32,9,630156.36,7400.7456
lstcstai,D,3,100,1,224,224,224,1,32,13,642058.48,3258.776944
lstcstai,D,3,100,1,224,224,224,1,32,16,634732.84,1977.460314
lstcstai,D,3,100,1,224,224,224,1,32,16,579521.48,52709.4319
lstcstai,D,3,100,1,224,224,224,1,32,14,632027.76,3237.748845
lstcstai,D,3,100,1,550,550,550,1,32,23,3597727.84,1628238.925
lstcstai,D,3,100,1,550,550,550,1,32,31,4987987.6,2977572.714
lstcstai,D,3,100,1,550,550,550,1,32,27,3387858.58,1433877.539
lstcstai,D,3,100,1,550,550,550,1,32,28,6638257.24,986046.5235
lstcstai,D,3,100,1,550,550,550,1,32,29,10308227.82,784085.1038
lstcstai,D,3,100,1,64,64,64,1,48,5,9327.9,1446.131063
lstcstai,D,3,100,1,64,64,64,1,48,6,9140.88,41.45823923
lstcstai,D,3,100,1,64,64,64,1,48,6,9111.24,32.77533219
lstcstai,D,3,100,1,64,64,64,1,48,5,9131.36,51.76244198
lstcstai,D,3,100,1,64,64,64,1,48,5,9142.06,38.5996943
lstcstai,D,3,100,1,500,500,500,1,48,36,3803830.88,1848680.673
lstcstai,D,3,100,1,500,500,500,1,48,26,2824841.3,2824284.838
lstcstai,D,3,100,1,500,500,500,1,48,26,3728996.78,805045.865
lstcstai,D,3,100,1,500,500,500,1,48,26,7656922.8,426872.4757
lstcstai,D,3,100,1,500,500,500,1,48,27,6849854.76,493012.5858
lstcstai,D,3,100,1,1000,1000,1000,1,48,62,16958852.12,4359934.033
lstcstai,D,3,100,1,1000,1000,1000,1,48,46,17535745.04,6122235.022
lstcstai,D,3,100,1,1000,1000,1000,1,48,47,21397503.84,6491870.337
lstcstai,D,3,100,1,1000,1000,1000,1,48,48,31084596.14,21837101.29
lstcstai,D,3,100,1,1000,1000,1000,1,48,43,36528615.46,9764938.353
lstcstai,D,3,100,1,50,50,50,1,48,2,6978.68,1255.268217
lstcstai,D,3,100,1,50,50,50,1,48,3,6793.9,38.29634447
lstcstai,D,3,100,1,50,50,50,1,48,2,6781.18,41.096321
lstcstai,D,3,100,1,50,50,50,1,48,2,6789.32,38.19865966
lstcstai,D,3,100,1,50,50,50,1,48,3,6852.14,35.89318041
lstcstai,D,3,100,1,288,288,288,1,48,12,1838826.96,29162.65327
lstcstai,D,3,100,1,288,288,288,1,48,21,724870.28,563122.3396
lstcstai,D,3,100,1,288,288,288,1,48,17,1817509.24,31003.89139
lstcstai,D,3,100,1,288,288,288,1,48,20,1255948.96,655726.5352
lstcstai,D,3,100,1,288,288,288,1,48,19,1796306.2,29741.50233
lstcstai,D,3,100,1,192,192,192,1,48,9,441243.18,1753.106143
lstcstai,D,3,100,1,192,192,192,1,48,13,446523.86,316.7361684
lstcstai,D,3,100,1,192,192,192,1,48,12,440449.14,294.950505
lstcstai,D,3,100,1,192,192,192,1,48,11,446461.5,1004.695521
lstcstai,D,3,100,1,192,192,192,1,48,11,435098.24,27873.36034
lstcstai,D,3,100,1,160,160,160,1,48,8,87596.3,3682.455921
lstcstai,D,3,100,1,160,160,160,1,48,9,84963.8,299.0611309
lstcstai,D,3,100,1,160,160,160,1,48,10,85036.26,339.0431719
lstcstai,D,3,100,1,160,160,160,1,48,9,84979.22,419.8728993
lstcstai,D,3,100,1,160,160,160,1,48,8,84965.4,314.4815416
lstcstai,D,3,100,1,350,350,350,1,48,15,1573646.32,1256080.046
lstcstai,D,3,100,1,350,350,350,1,48,19,2415333.56,498196.9454
lstcstai,D,3,100,1,350,350,350,1,48,19,1238938.6,912698.7717
lstcstai,D,3,100,1,350,350,350,1,48,18,2398584.54,534693.6552
lstcstai,D,3,100,1,350,350,350,1,48,19,2187063.42,440011.8451
lstcstai,D,3,100,1,96,96,96,1,48,4,24495.14,2270.365072
lstcstai,D,3,100,1,96,96,96,1,48,7,23914.92,94.88642474
lstcstai,D,3,100,1,96,96,96,1,48,6,23970.04,157.3623792
lstcstai,D,3,100,1,96,96,96,1,48,6,23999.66,81.58446176
lstcstai,D,3,100,1,96,96,96,1,48,6,23998.08,87.12424232
lstcstai,D,3,100,1,128,128,128,1,48,6,86213.84,1685.472947
lstcstai,D,3,100,1,128,128,128,1,48,8,88703.78,1275.206168
lstcstai,D,3,100,1,128,128,128,1,48,8,89182.52,184.6175766
lstcstai,D,3,100,1,128,128,128,1,48,7,89358.22,171.7107207
lstcstai,D,3,100,1,128,128,128,1,48,7,89311.5,178.0228356
lstcstai,D,3,100,1,150,150,150,1,48,7,147889.98,2233.63745
lstcstai,D,3,100,1,150,150,150,1,48,8,146733.74,505.6697662
lstcstai,D,3,100,1,150,150,150,1,48,8,146342.52,681.0267026
lstcstai,D,3,100,1,150,150,150,1,48,8,148645.4,1008.398155
lstcstai,D,3,100,1,150,150,150,1,48,8,147380.6,284.4447222
lstcstai,D,3,100,1,250,250,250,1,48,11,1121573.74,6622.351488
lstcstai,D,3,100,1,250,250,250,1,48,15,1120546.78,43556.18209
lstcstai,D,3,100,1,250,250,250,1,48,15,1126494.68,7947.736569
lstcstai,D,3,100,1,250,250,250,1,48,15,1129614.2,6804.475898
lstcstai,D,3,100,1,250,250,250,1,48,13,722368.16,413048.5004
lstcstai,D,3,100,1,300,300,300,1,48,12,1916500.18,37593.57155
lstcstai,D,3,100,1,300,300,300,1,48,21,676630.88,582226.2119
lstcstai,D,3,100,1,300,300,300,1,48,32,1969322.28,55023.50899
lstcstai,D,3,100,1,300,300,300,1,48,19,877522.78,384794.7495
lstcstai,D,3,100,1,300,300,300,1,48,21,1926661.68,26219.80057
lstcstai,D,3,100,1,600,600,600,1,48,126,4279751.94,2243132.451
lstcstai,D,3,100,1,600,600,600,1,48,34,6679226.62,2254354.999
lstcstai,D,3,100,1,600,600,600,1,48,36,17568419.3,2358072.666
lstcstai,D,3,100,1,600,600,600,1,48,35,14289681.1,995380.9693
lstcstai,D,3,100,1,600,600,600,1,48,27,13471921.24,1974477.129
lstcstai,D,3,100,1,800,800,800,1,48,158,11453977.18,3363291.727
lstcstai,D,3,100,1,800,800,800,1,48,42,12712413.4,4731350.926
lstcstai,D,3,100,1,800,800,800,1,48,37,14041493.3,7725488.763
lstcstai,D,3,100,1,800,800,800,1,48,36,20987340.36,3850470.127
lstcstai,D,3,100,1,800,800,800,1,48,53,27772511.32,4328627.976
lstcstai,D,3,100,1,200,200,200,1,48,9,432114.16,3770.17873
lstcstai,D,3,100,1,200,200,200,1,48,12,436661.86,530.0198491
lstcstai,D,3,100,1,200,200,200,1,48,12,439227.22,346.0333678
lstcstai,D,3,100,1,200,200,200,1,48,10,430087.52,6841.564915
lstcstai,D,3,100,1,200,200,200,1,48,10,433614.56,4492.103989
lstcstai,D,3,100,1,100,100,100,1,48,4,27685.86,1465.788184
lstcstai,D,3,100,1,100,100,100,1,48,6,27421.74,94.01910657
lstcstai,D,3,100,1,100,100,100,1,48,5,26945.18,328.0207731
lstcstai,D,3,100,1,100,100,100,1,48,5,26733.34,92.63338707
lstcstai,D,3,100,1,100,100,100,1,48,5,26738.98,90.47596145
lstcstai,D,3,100,1,450,450,450,1,48,19,2221159.84,2116868.173
lstcstai,D,3,100,1,450,450,450,1,48,25,1546168.72,1254438.401
lstcstai,D,3,100,1,450,450,450,1,48,25,2779320.44,1123429.103
lstcstai,D,3,100,1,450,450,450,1,48,47,3912987.48,2386045.476
lstcstai,D,3,100,1,450,450,450,1,48,26,6166116.84,485839.2585
lstcstai,D,3,100,1,256,256,256,1,48,11,1277763.78,12734.82067
lstcstai,D,3,100,1,256,256,256,1,48,16,1050565.7,374241.1645
lstcstai,D,3,100,1,256,256,256,1,48,16,1278116.18,6446.1088
lstcstai,D,3,100,1,256,256,256,1,48,15,1269738.5,3384.438809
lstcstai,D,3,100,1,256,256,256,1,48,15,602599.38,312397.4307
lstcstai,D,3,100,1,400,400,400,1,48,15,2432838.04,1119409.139
lstcstai,D,3,100,1,400,400,400,1,48,22,1804828.84,1286818.931
lstcstai,D,3,100,1,400,400,400,1,48,22,1811275.52,1656298.099
lstcstai,D,3,100,1,400,400,400,1,48,22,1534735.54,1372868.489
lstcstai,D,3,100,1,400,400,400,1,48,23,3534992.8,786646.6282
lstcstai,D,3,100,1,224,224,224,1,48,9,724566.14,8293.933463
lstcstai,D,3,100,1,224,224,224,1,48,16,735293.38,4700.80505
lstcstai,D,3,100,1,224,224,224,1,48,14,733295.78,4295.327458
lstcstai,D,3,100,1,224,224,224,1,48,17,551212.88,10469.98067
lstcstai,D,3,100,1,224,224,224,1,48,14,749231.78,409.2236205
lstcstai,D,3,100,1,550,550,550,1,48,23,3276529.1,2153952.408
lstcstai,D,3,100,1,550,550,550,1,48,42,4627901.46,1510432.627
lstcstai,D,3,100,1,550,550,550,1,48,25,6722066.8,1616765.289
lstcstai,D,3,100,1,550,550,550,1,48,30,12612027.32,306803.9492
lstcstai,D,3,100,1,550,550,550,1,48,29,8695307.08,2286477.557
